,Clustering Coefficient,Alive Clustering Coefficient,Average Path Length,Alive Average Path Length,Degree,Alive Degree,Unprocessed Messages,Alive Unprocessed Messages,Average Message Latency,Alive Average Message Latency,Partitions,Alive Partitions,Pollution,Alive Agents
0,0.0,0.0,0.0,0.0,0.0,0.0,0,0,0.0,0.0,0,0,0.0,1000
1,0.0,0.0,1.998,1.998,2.0080000000000027,2.0080000000000027,1000,1000,0.0,0.0,0,0,0.0,1000
2,2.4071492332226715e-05,2.4071492332226715e-05,1.997991991991992,1.997991991991992,2.107999999999997,2.107999999999997,2000,2000,0.0,0.0,0,0,0.0,1000
3,0.020757752025291967,0.020757752025291967,1.986042042042042,1.986042042042042,14.066000000000011,14.066000000000011,2000,2000,0.0,0.0,1,1,0.0,1000
4,0.022735615860660318,0.022735615860660318,1.985049049049049,1.985049049049049,15.077999999999987,15.077999999999987,2000,2000,0.0005,0.0005,1,1,0.0,1000
5,0.02922985050364569,0.02922985050364569,1.9821421421421421,1.9821421421421421,18.011999999999986,18.011999999999986,2000,2000,0.0,0.0,1,1,0.0,1000
6,0.049561443652932156,0.049561443652932156,1.9733673673673673,1.9733673673673673,26.862,26.862,2001,2001,0.001,0.001,1,1,0.0,1000
7,0.05651231698572365,0.05651231698572365,1.9695095095095094,1.9695095095095094,30.75799999999999,30.75799999999999,2001,2001,0.00025,0.00025,1,1,0.0,1000
8,0.07269315929462333,0.07269315929462333,1.9636956956956957,1.9636956956956957,36.706000000000024,36.706000000000024,2002,2002,0.0016666666666666666,0.0016666666666666666,1,1,0.0,1000
9,0.08493482246859176,0.08493482246859176,1.9593693693693695,1.9593693693693695,41.05399999999993,41.05399999999993,2003,2003,0.0015833333333333333,0.0015833333333333333,1,1,0.0,1000
10,0.09775668165353257,0.09775668165353257,1.9557737737737737,1.9557737737737737,44.744000000000014,44.744000000000014,2003,2003,0.002,0.002,1,1,0.0,1000
11,0.11045636775292672,0.11045636775292672,1.9518978978978978,1.9518978978978978,48.63399999999992,48.63399999999992,2004,2004,0.0017333333333333335,0.0017333333333333335,1,1,0.0,1000
12,0.12371744102991776,0.12371744102991776,1.9482922922922923,1.9482922922922923,52.30799999999996,52.30799999999996,2006,2006,0.00275,0.00275,1,1,0.0,1000
13,0.13401688437241055,0.13401688437241055,1.9454294294294294,1.9454294294294294,55.193999999999996,55.193999999999996,2008,2008,0.002833333333333333,0.002833333333333333,1,1,0.0,1000
14,0.14595934169257002,0.14595934169257002,1.9426406406406407,1.9426406406406407,58.002000000000024,58.002000000000024,2008,2008,0.003261904761904762,0.003261904761904762,1,1,0.0,1000
15,0.1554306366651697,0.1554306366651697,1.9403223223223223,1.9403223223223223,60.36799999999997,60.36799999999997,2009,2009,0.0036666666666666666,0.0036666666666666666,1,1,0.0,1000
16,0.16402737077863258,0.16402737077863258,1.937917917917918,1.937917917917918,62.79799999999999,62.79799999999999,2010,2010,0.004571428571428571,0.004571428571428571,1,1,0.0,1000
17,0.17023537603088873,0.17023537603088873,1.9362582582582584,1.9362582582582584,64.482,64.482,2012,2012,0.0037666666666666664,0.0037666666666666664,1,1,0.0,1000
18,0.17663792951124346,0.17663792951124346,1.9345345345345346,1.9345345345345346,66.27600000000007,66.27600000000007,2015,2015,0.005595238095238095,0.005595238095238095,1,1,0.0,1000
19,0.18208575696978124,0.18208575696978124,1.932952952952953,1.932952952952953,67.888,67.888,2014,2014,0.0035,0.0035,1,1,0.0,1000
20,0.18743038512993285,0.18743038512993285,1.9315615615615616,1.9315615615615616,69.31000000000002,69.31000000000002,2013,2013,0.005133333333333333,0.005133333333333333,1,1,0.0,1000
21,0.1919479726467041,0.1919479726467041,1.9267827827827828,1.9267827827827828,74.25399999999989,74.25399999999989,2015,2015,0.0071619047619047626,0.0071619047619047626,1,1,0.0,1000
22,0.19654228758932857,0.19654228758932857,1.9254454454454455,1.9254454454454455,75.65599999999996,75.65599999999996,2015,2015,0.006291666666666666,0.006291666666666666,1,1,0.0,1000
23,0.20100334905976924,0.20100334905976924,1.9237097097097098,1.9237097097097098,77.50000000000003,77.50000000000003,2017,2017,0.008833333333333332,0.008833333333333332,1,1,0.0,1000
24,0.20617852785521545,0.20617852785521545,1.920990990990991,1.920990990990991,80.3600000000001,80.3600000000001,2022,2022,0.008833333333333334,0.008833333333333334,1,1,0.0,1000
25,0.21075216878524997,0.21075216878524997,1.9183323323323322,1.9183323323323322,83.152,83.152,2025,2025,0.008945454545454546,0.008945454545454546,1,1,0.0,1000
26,0.21512230940317698,0.21512230940317698,1.9164064064064064,1.9164064064064064,85.19200000000002,85.19200000000002,2027,2027,0.0099,0.0099,1,1,0.0,1000
27,0.2194339011733459,0.2194339011733459,1.9137517517517517,1.9137517517517517,87.96399999999997,87.96399999999997,2028,2028,0.011,0.011,1,1,0.0,1000
28,0.22297840083564036,0.22297840083564036,1.912076076076076,1.912076076076076,89.70200000000015,89.70200000000015,2030,2030,0.010933333333333331,0.010933333333333331,1,1,0.0,1000
29,0.22615864700562038,0.22615864700562038,1.9107467467467467,1.9107467467467467,91.12599999999999,91.12599999999999,2034,2034,0.012788461538461538,0.012788461538461538,1,1,0.0,1000
30,0.22997088599975465,0.22997088599975465,1.9073073073073072,1.9073073073073072,94.66000000000008,94.66000000000008,2036,2036,0.0132,0.0132,1,1,0.0,1000
31,0.2329510273607473,0.2329510273607473,1.90612012012012,1.90612012012012,95.86600000000004,95.86600000000004,2037,2037,0.01319607843137255,0.01319607843137255,1,1,0.0,1000
32,0.2362763781886328,0.2362763781886328,1.904922922922923,1.904922922922923,97.08800000000006,97.08800000000006,2040,2040,0.015333333333333334,0.015333333333333334,1,1,0.0,1000
33,0.23909129571236065,0.23909129571236065,1.9040300300300301,1.9040300300300301,98.03200000000004,98.03200000000004,2043,2043,0.01585416666666667,0.01585416666666667,1,1,0.0,1000
34,0.24163569290519218,0.24163569290519218,1.9034914914914915,1.9034914914914915,98.58999999999992,98.58999999999992,2047,2047,0.016900000000000002,0.016900000000000002,1,1,0.0,1000
35,0.24364282788384112,0.24364282788384112,1.9031891891891892,1.9031891891891892,98.93399999999994,98.93399999999994,2050,2050,0.01696153846153846,0.01696153846153846,1,1,0.0,1000
36,0.24549473436026406,0.24549473436026406,1.902922922922923,1.902922922922923,99.16999999999996,99.16999999999996,2051,2051,0.017271212121212125,0.017271212121212125,1,1,0.0,1000
37,0.24616504238521203,0.24616504238521203,1.9027227227227228,1.9027227227227228,99.43800000000003,99.43800000000003,2052,2052,0.018525,0.018525,1,1,0.0,1000
38,0.24722351015910868,0.24722351015910868,1.9025605605605607,1.9025605605605607,99.60599999999995,99.60599999999995,2052,2052,0.019933333333333338,0.019933333333333338,1,1,0.0,1000
39,0.24339394561222225,0.24339394561222225,1.9024424424424424,1.9024424424424424,99.81600000000013,99.81600000000013,2054,2054,0.02107142857142857,0.02107142857142857,1,1,0.0,1000
40,0.24263514040515533,0.24263514040515533,1.9024584584584585,1.9024584584584585,99.85399999999998,99.85399999999998,2056,2056,0.0247702380952381,0.0247702380952381,1,1,0.0,1000
41,0.2403446974118415,0.2403446974118415,1.9024024024024024,1.9024024024024024,99.89000000000007,99.89000000000007,2060,2060,0.02656060606060606,0.02656060606060606,1,1,0.0,1000
42,0.23818100401232944,0.23818100401232944,1.9024064064064063,1.9024064064064063,99.93200000000006,99.93200000000006,2071,2071,0.03384131652661065,0.03384131652661065,1,1,0.0,1000
43,0.23580924330804437,0.23580924330804437,1.9023923923923924,1.9023923923923924,99.9579999999999,99.9579999999999,2084,2084,0.03825964912280703,0.03825964912280703,1,1,0.0,1000
44,0.23068553884289925,0.23068553884289925,1.9024744744744744,1.9024744744744744,99.986,99.986,2095,2095,0.042862121212121206,0.042862121212121206,1,1,0.0,1000
45,0.22922148843171547,0.22922148843171547,1.9025145145145146,1.9025145145145146,99.99400000000006,99.99400000000006,2107,2107,0.05207501792114693,0.05207501792114693,1,1,0.0,1000
46,0.2259391718051478,0.2259391718051478,1.9025705705705707,1.9025705705705707,99.99399999999997,99.99399999999997,2133,2133,0.060399206349206355,0.060399206349206355,1,1,0.0,1000
47,0.22425686624642036,0.22425686624642036,1.9026746746746748,1.9026746746746748,99.99799999999999,99.99799999999999,2172,2172,0.08150923129439865,0.08150923129439865,1,1,0.0,1000
48,0.22274464300493413,0.22274464300493413,1.9026406406406406,1.9026406406406406,100.00000000000004,100.00000000000004,2207,2207,0.08694415370603896,0.08694415370603896,1,1,0.0,1000
49,0.21924953320868412,0.21924953320868412,1.9027767767767767,1.9027767767767767,99.99999999999983,99.99999999999983,2254,2254,0.10759023809523809,0.10759023809523809,1,1,0.0,1000
50,0.2173814828650546,0.2173814828650546,1.9029269269269269,1.9029269269269269,99.99999999999996,99.99999999999996,2316,2316,0.11875989010989008,0.11875989010989008,1,1,0.0,1000
51,0.21872252501663475,0.21872252501663475,1.902896896896897,1.902896896896897,99.9999999999999,99.9999999999999,2363,2363,0.12191030866152815,0.12191030866152815,1,1,0.0,1000
52,0.21742459896832014,0.21742459896832014,1.902882882882883,1.902882882882883,100.00000000000003,100.00000000000003,2415,2415,0.14275445363814937,0.14275445363814937,1,1,0.0,1000
53,0.21638248815636388,0.21638248815636388,1.902964964964965,1.902964964964965,99.99999999999997,99.99999999999997,2465,2465,0.14957796709826124,0.14957796709826124,1,1,0.0,1000
54,0.21558335458117447,0.21558335458117447,1.902914914914915,1.902914914914915,99.99999999999983,99.99999999999983,2505,2505,0.1587849013655205,0.1587849013655205,1,1,0.0,1000
55,0.21422674290936616,0.21422674290936616,1.9029009009009008,1.9029009009009008,99.99999999999999,99.99999999999999,2555,2555,0.16894170331302683,0.16894170331302683,1,1,0.0,1000
56,0.2098954418569086,0.2098954418569086,1.902942942942943,1.902942942942943,99.99999999999997,99.99999999999997,2592,2592,0.17103985500315283,0.17103985500315283,1,1,0.0,1000
57,0.20714628358227896,0.20714628358227896,1.902892892892893,1.902892892892893,99.99999999999996,99.99999999999996,2620,2620,0.1828880066149382,0.1828880066149382,1,1,0.0,1000
58,0.2066641780968246,0.2066641780968246,1.9028328328328328,1.9028328328328328,100.00000000000001,100.00000000000001,2658,2658,0.19606477133977135,0.19606477133977135,1,1,0.0,1000
59,0.20567544994334463,0.20567544994334463,1.902846846846847,1.902846846846847,100.00000000000006,100.00000000000006,2698,2698,0.20790555431507154,0.20790555431507154,1,1,0.0,1000
60,0.20295577173544624,0.20295577173544624,1.902826826826827,1.902826826826827,100.00000000000003,100.00000000000003,2728,2728,0.21061721632608735,0.21061721632608735,1,1,0.0,1000
61,0.20058127414401414,0.20058127414401414,1.902886886886887,1.902886886886887,100.0,100.0,2771,2771,0.22680333861417293,0.22680333861417293,1,1,0.0,1000
62,0.19802694346323013,0.19802694346323013,1.902922922922923,1.902922922922923,100.00000000000009,100.00000000000009,2819,2819,0.2387391915701555,0.2387391915701555,1,1,0.0,1000
63,0.19410790666815603,0.19410790666815603,1.902930930930931,1.902930930930931,100.00000000000001,100.00000000000001,2862,2862,0.2512242863053082,0.2512242863053082,1,1,0.0,1000
64,0.19204103962876573,0.19204103962876573,1.903015015015015,1.903015015015015,100.00000000000009,100.00000000000009,2921,2921,0.2667770287932633,0.2667770287932633,1,1,0.0,1000
65,0.1912859261895444,0.1912859261895444,1.902974974974975,1.902974974974975,100.0000000000001,100.0000000000001,2980,2980,0.2845790223665222,0.2845790223665222,1,1,0.0,1000
66,0.19149409168527137,0.19149409168527137,1.903037037037037,1.903037037037037,100.00000000000006,100.00000000000006,3045,3045,0.310980915352672,0.310980915352672,1,1,0.0,1000
67,0.18976603533173123,0.18976603533173123,1.903059059059059,1.903059059059059,99.99999999999993,99.99999999999993,3127,3127,0.3335014495381955,0.3335014495381955,1,1,0.0,1000
68,0.1905835819167076,0.1905835819167076,1.9032252252252253,1.9032252252252253,100.00000000000004,100.00000000000004,3237,3237,0.3739515860582193,0.3739515860582193,1,1,0.0,1000
69,0.1911557954413651,0.1911557954413651,1.9033573573573574,1.9033573573573574,100.00000000000003,100.00000000000003,3379,3379,0.4224653337137698,0.4224653337137698,1,1,0.0,1000
70,0.19083288456262637,0.19083288456262637,1.9035615615615615,1.9035615615615615,99.99999999999994,99.99999999999994,3513,3513,0.44344351927152176,0.44344351927152176,1,1,0.0,1000
71,0.19066035838784173,0.19066035838784173,1.9037297297297298,1.9037297297297298,99.99999999999996,99.99999999999996,3661,3661,0.49117261418746555,0.49117261418746555,1,1,0.0,1000
72,0.18868920564599298,0.18868920564599298,1.9042882882882883,1.9042882882882883,100.00000000000016,100.00000000000016,3801,3801,0.4960764699674662,0.4960764699674662,1,1,0.0,1000
73,0.18777144757550646,0.18777144757550646,1.9046066066066065,1.9046066066066065,99.99999999999994,99.99999999999994,3886,3886,0.5050586966290143,0.5050586966290143,1,1,0.0,1000
74,0.18336825534568432,0.18336825534568432,1.9049089089089088,1.9049089089089088,99.99799999999993,99.99799999999993,3948,3948,0.5120132862581954,0.5120132862581954,1,1,0.0,1000
75,0.17861731971337094,0.17861731971337094,1.904986986986987,1.904986986986987,100.0,100.0,3984,3984,0.5058969903626781,0.5058969903626781,1,1,0.0,1000
76,0.17370634223814876,0.17370634223814876,1.904906906906907,1.904906906906907,99.99999999999994,99.99999999999994,3987,3987,0.5029529459648773,0.5029529459648773,1,1,0.0,1000
77,0.1666770142835603,0.1666770142835603,1.9052872872872872,1.9052872872872872,99.99999999999996,99.99999999999996,3985,3985,0.5017390083647376,0.5017390083647376,1,1,0.0,1000
78,0.1596523978803081,0.1596523978803081,1.904954954954955,1.904954954954955,100.00000000000006,100.00000000000006,3989,3989,0.49863740831242614,0.49863740831242614,1,1,0.0,1000
79,0.1524224475211497,0.1524224475211497,1.9045385385385385,1.9045385385385385,100.00000000000011,100.00000000000011,3987,3987,0.5017894411428302,0.5017894411428302,1,1,0.0,1000
80,0.14551246908929402,0.14551246908929402,1.9042902902902903,1.9042902902902903,99.99999999999994,99.99999999999994,3984,3984,0.49511000822048257,0.49511000822048257,1,1,0.0,1000
81,0.1404711423749977,0.1404711423749977,1.9042922922922922,1.9042922922922922,100.00000000000003,100.00000000000003,3983,3983,0.4999143352583949,0.4999143352583949,1,1,0.0,1000
82,0.134619491583806,0.134619491583806,1.9043243243243244,1.9043243243243244,99.99999999999997,99.99999999999997,3981,3981,0.49594636979792706,0.49594636979792706,1,1,0.0,1000
83,0.13055945998969865,0.13055945998969865,1.904122122122122,1.904122122122122,99.99999999999996,99.99999999999996,3983,3983,0.5014408419644982,0.5014408419644982,1,1,0.0,1000
84,0.1263939081715787,0.1263939081715787,1.903907907907908,1.903907907907908,99.9999999999999,99.9999999999999,3986,3986,0.4945093016538863,0.4945093016538863,1,1,0.0,1000
85,0.12131467082303964,0.12131467082303964,1.9037657657657658,1.9037657657657658,99.99999999999984,99.99999999999984,3981,3981,0.49705799917208265,0.49705799917208265,1,1,0.0,1000
86,0.1170648086929547,0.1170648086929547,1.9033713713713714,1.9033713713713714,100.00000000000014,100.00000000000014,3980,3980,0.4982681000721366,0.4982681000721366,1,1,0.0,1000
87,0.11391556368294699,0.11391556368294699,1.9032172172172173,1.9032172172172173,100.00000000000004,100.00000000000004,3983,3983,0.49931102497004143,0.49931102497004143,1,1,0.0,1000
88,0.11028132437537476,0.11028132437537476,1.902944944944945,1.902944944944945,100.00000000000004,100.00000000000004,3982,3982,0.49929234496228697,0.49929234496228697,1,1,0.0,1000
89,0.10812000580095922,0.10812000580095922,1.9028348348348347,1.9028348348348347,100.00000000000016,100.00000000000016,3984,3984,0.4974037705629422,0.4974037705629422,1,1,0.0,1000
90,0.10670978773256551,0.10670978773256551,1.9026746746746748,1.9026746746746748,100.00000000000001,100.00000000000001,3976,3976,0.4948448367184852,0.4948448367184852,1,1,0.0,1000
91,0.10483675471125792,0.10483675471125792,1.9026686686686687,1.9026686686686687,100.00000000000007,100.00000000000007,3971,3971,0.49891594762758795,0.49891594762758795,1,1,0.0,1000
92,0.10371478143747655,0.10371478143747655,1.9026786786786787,1.9026786786786787,100.00000000000003,100.00000000000003,3984,3984,0.49871526963816815,0.49871526963816815,1,1,0.0,1000
93,0.10379969159631164,0.10379969159631164,1.9025985985985987,1.9025985985985987,100.0,100.0,3985,3985,0.4940935203569217,0.4940935203569217,1,1,0.0,1000
94,0.10315911997627807,0.10315911997627807,1.9026226226226226,1.9026226226226226,100.00000000000011,100.00000000000011,3974,3974,0.4966073632236092,0.4966073632236092,1,1,0.0,1000
95,0.10341907999091694,0.10341907999091694,1.9026406406406406,1.9026406406406406,100.00000000000007,100.00000000000007,3974,3974,0.4981509617586863,0.4981509617586863,1,1,0.0,1000
96,0.10322096131660123,0.10322096131660123,1.9025885885885885,1.9025885885885885,99.99999999999999,99.99999999999999,3968,3968,0.4900612690179976,0.4900612690179976,1,1,0.0,1000
97,0.10295155378379463,0.10295155378379463,1.9026166166166165,1.9026166166166165,100.00000000000003,100.00000000000003,3961,3961,0.4982131811670679,0.4982131811670679,1,1,0.0,1000
98,0.10319737651158024,0.10319737651158024,1.9027187187187187,1.9027187187187187,100.0000000000001,100.0000000000001,3960,3960,0.49584810448398303,0.49584810448398303,1,1,0.0,1000
99,0.10328960410325384,0.10328960410325384,1.9026706706706706,1.9026706706706706,100.00000000000003,100.00000000000003,3958,3958,0.4968053847038751,0.4968053847038751,1,1,0.0,1000
100,0.1030744272875208,0.1030744272875208,1.9027207207207206,1.9027207207207206,99.99999999999994,99.99999999999994,3963,3963,0.5027385566849608,0.5027385566849608,1,1,0.0,1000
101,0.0473629486214191,0.10000778876859569,2.417271271271271,1.9990237099023709,24.000000000000014,23.791666666666654,995,615,0.3253314407814407,0.15971433658933656,1,1,0.7620833333333333,240
102,0.04863409735139086,0.10447962579832688,2.4206666666666665,1.9905857740585775,24.0,24.13333333333333,996,261,0.27758611111111103,0.2776157407407407,1,1,0.7586666666666667,240
103,0.05009990247615423,0.10751187648456056,2.423865865865866,1.9890516039051604,23.999999999999996,24.399999999999988,1163,259,-0.12517896825396826,0.24465773809523808,1,1,0.756,240
104,0.05109403355726066,0.10842063947344585,2.4264384384384385,1.9972454672245468,23.999999999999986,24.28333333333335,1340,275,-0.5089800685425686,0.29420469576719577,1,1,0.7571666666666667,240
105,0.05309607290327218,0.11300215589226612,2.430078078078078,1.9991283124128312,23.999999999999975,24.36666666666667,1519,278,-0.9106834330701977,0.23546296296296296,1,1,0.7563333333333333,240
106,0.05388446911090925,0.1141419451746151,2.4316316316316318,1.993584379358438,23.999999999999986,24.633333333333336,1692,260,-1.283893029845971,0.23729166666666665,1,1,0.7536666666666667,240
107,0.05494261562366888,0.1148543805204106,2.433905905905906,1.991875871687587,23.999999999999982,24.91666666666668,1862,235,-1.6724280774780775,0.21426587301587302,1,1,0.7508333333333334,240
108,0.05556165893978224,0.11490424646128226,2.437075075075075,1.9942119944211993,24.000000000000014,24.95,2024,194,-2.0812292827674184,0.17200396825396824,1,1,0.7505,240
109,0.056810446190977165,0.11734716495987942,2.438902902902903,1.9933751743375174,23.999999999999993,25.066666666666677,2199,159,-2.47514245366079,0.16219907407407408,1,1,0.7493333333333333,240
110,0.05756227899716479,0.11791942533212169,2.438204204204204,1.9847629009762902,23.999999999999975,25.424999999999994,2390,140,-2.8837401980629616,0.14583333333333334,1,1,0.74575,240
111,0.05821180590096094,0.12013611693421015,2.4399119119119117,1.9852510460251045,24.000000000000004,25.474999999999994,2587,123,-3.297103353413767,0.12291666666666665,1,1,0.74525,240
112,0.05917746890305373,0.12152285989462354,2.4412432432432434,1.9844490934449093,24.000000000000004,25.65000000000001,2790,103,-3.6964350960709917,0.10833333333333334,1,1,0.7435,240
113,0.05980384197259015,0.12465745763659751,2.44194994994995,1.981834030683403,23.99999999999997,25.758333333333333,3000,93,-4.0976492968756535,0.10763888888888887,1,1,0.7424166666666666,240
114,0.060262707927691075,0.1263309946347503,2.440811553036002,1.9791492329149234,24.00000000000001,25.958333333333336,3210,80,-4.522820263966387,0.07958333333333334,2,1,0.7404166666666666,240
115,0.06038050754113662,0.12571884544478992,2.4413892850766596,1.9777545327754533,23.999999999999954,25.966666666666665,3424,66,-4.926888239647853,0.0725,2,1,0.7403333333333333,240
116,0.060834594218758024,0.12601009065179047,2.441274942276946,1.9778591352859136,24.000000000000007,25.991666666666664,3647,61,-5.3460363343083905,0.06458333333333334,2,1,0.7400833333333333,240
117,0.06106320141760189,0.12659245267853556,2.441329104655758,1.9749651324965132,23.999999999999993,26.158333333333328,3867,49,-5.76982774431123,0.04305555555555555,2,1,0.7384166666666667,240
118,0.060775930886448705,0.12607944732297063,2.441369224936359,1.973744769874477,24.0,26.216666666666665,4090,39,-6.191397859066148,0.04583333333333333,2,1,0.7378333333333333,240
119,0.06148378585914273,0.12906203840472674,2.442458490554683,1.9729428172942818,23.99999999999997,26.425000000000008,4318,34,-6.613483550435715,0.035416666666666666,2,1,0.73575,240
120,0.06217955775037745,0.1309383588535532,2.4432448480544675,1.971792189679219,23.999999999999982,26.491666666666664,4546,28,-7.040571601690673,0.034027777777777775,2,1,0.7350833333333333,240
121,0.062247488641901556,0.13093202083632519,2.443483563724045,1.9703277545327755,23.999999999999986,26.5,4778,27,-7.4694958658607895,0.03333333333333333,2,1,0.735,240
122,0.06237629594721961,0.13094587206123565,2.4437162613515317,1.970397489539749,24.000000000000004,26.51666666666668,5011,28,-7.899154630670489,0.03125,2,1,0.7348333333333333,240
123,0.06241072689886829,0.1316328913568074,2.4439589890491695,1.9693514644351464,23.999999999999968,26.549999999999997,5244,28,-8.331826045582178,0.03125,2,1,0.7345,240
124,0.06263390860075813,0.13211833341938148,2.4440853679330634,1.969281729428173,23.99999999999997,26.63333333333334,5478,27,-8.765995456062488,0.027083333333333334,2,1,0.7336666666666667,240
125,0.06276625791418551,0.13304314428370248,2.444197704718747,1.9684797768479776,24.000000000000018,26.750000000000004,5711,26,-9.189645799394908,0.029166666666666667,2,1,0.7325,240
126,0.06304727516510142,0.13351167315175097,2.444237824999348,1.9688981868898188,24.000000000000007,26.70833333333334,5943,24,-9.623969616934206,0.024305555555555556,2,1,0.7329166666666667,240
127,0.06365728509868845,0.13539833094837084,2.4448396292083667,1.967294281729428,24.000000000000007,26.824999999999996,6176,22,-10.045575094069655,0.025,2,1,0.73175,240
128,0.06359768073486476,0.135302433991823,2.444849659278517,1.9685495118549512,23.99999999999999,26.741666666666667,6411,21,-10.478930883632822,0.020833333333333332,2,1,0.7325833333333334,240
129,0.0635879684468348,0.13567934955218192,2.444817563054036,1.968165969316597,23.999999999999996,26.800000000000008,6645,19,-10.91355599810591,0.020833333333333332,2,1,0.732,240
130,0.06379666221471962,0.13617259736620901,2.4450683148077936,1.9693514644351464,23.999999999999993,26.74166666666668,6879,17,-11.34993802444522,0.016666666666666666,2,1,0.7325833333333334,240
131,0.06356958631556667,0.1352366353707607,2.4450161584430123,1.969560669456067,24.000000000000007,26.725000000000016,7114,16,-11.785619029943922,0.016666666666666666,2,1,0.73275,240
132,0.06364658678599136,0.13541507414768383,2.445004122358832,1.96942119944212,24.0,26.741666666666685,7350,16,-12.221542115143366,0.016666666666666666,2,1,0.7325833333333334,240
133,0.06348409859361984,0.13483275221272845,2.445044242639433,1.9693514644351464,23.99999999999999,26.74166666666667,7586,15,-12.6579255305825,0.014583333333333334,2,1,0.7325833333333334,240
134,0.0634575362438124,0.1346580902059882,2.4451886756495975,1.9693165969316597,24.000000000000014,26.733333333333338,7822,14,-13.09399396991553,0.014583333333333334,2,1,0.7326666666666667,240
135,0.06339911408549212,0.1340893418128879,2.4448937915871785,1.9690027894002788,23.999999999999986,26.71666666666665,8058,13,-13.530718363316588,0.0125,2,1,0.7328333333333333,240
136,0.06346088312135965,0.13456434076872034,2.4450261885131623,1.9686889818688982,24.000000000000018,26.71666666666667,8294,12,-13.967075443277237,0.0125,2,1,0.7328333333333333,240
137,0.06360523697220895,0.1347059048639547,2.444976038162411,1.9686192468619246,24.00000000000001,26.724999999999994,8531,12,-14.403546354847409,0.0125,2,1,0.73275,240
138,0.06344512057784925,0.1346727898966705,2.4449178637555393,1.9686541143654115,23.999999999999993,26.72499999999999,8768,12,-14.840115647143733,0.0125,2,1,0.73275,240
139,0.06349013538136009,0.13468090808162014,2.445004122358832,1.9688633193863319,23.999999999999982,26.73333333333333,9005,12,-15.27677053111499,0.0125,2,1,0.7326666666666667,240
140,0.06354257025202811,0.1349392372168862,2.4449981043167415,1.9687935843793585,24.000000000000004,26.73333333333334,9242,12,-15.71350032519987,0.0125,2,1,0.7326666666666667,240
141,0.06353220489052824,0.1350369151906966,2.44495597802211,1.9687587168758718,24.00000000000002,26.73333333333334,9479,12,-16.15029603542144,0.0125,2,1,0.7326666666666667,240
142,0.06359452419654922,0.1348228730112225,2.4449319058537498,1.9684100418410042,23.99999999999999,26.74166666666666,9716,12,-16.587150033086733,0.0125,2,1,0.7325833333333334,240
143,0.06354380733900021,0.13459254434695989,2.4449298998397193,1.9690725244072524,23.999999999999975,26.700000000000003,9953,12,-17.024055804372992,0.0125,2,1,0.733,240
144,0.06367974424672669,0.13546587884730482,2.4450261885131623,1.968305439330544,24.000000000000007,26.766666666666673,10190,12,-17.46100775358283,0.0125,2,1,0.7323333333333333,240
145,0.06361241934378396,0.13524496191179844,2.445056278723613,1.9683751743375175,23.999999999999996,26.74166666666666,10427,12,-17.898001046978777,0.0125,2,1,0.7325833333333334,240
146,0.06348062305491195,0.134546848055183,2.444883761517028,1.9691073919107391,23.999999999999986,26.7,10664,12,-18.335031487662306,0.0125,2,1,0.733,240
147,0.06352204091788016,0.13488905891354247,2.4449339118677798,1.9687238493723849,23.99999999999995,26.74166666666668,10901,12,-18.772095414462346,0.0125,2,1,0.7325833333333334,240
148,0.06340661364981441,0.13433522465879466,2.4448957976012085,1.9690376569037658,24.0,26.71666666666666,11138,12,-19.2091896195786,0.0125,2,1,0.7328333333333333,240
149,0.06363406739936207,0.13503914454840557,2.4448998096292685,1.9685495118549512,24.000000000000007,26.74166666666668,11375,12,-19.646311281011506,0.0125,2,1,0.7325833333333334,240
150,0.06353491121712117,0.13482074752097636,2.444761394661194,1.9676429567642957,23.999999999999996,26.766666666666666,11612,12,-20.083457906749846,0.0125,2,1,0.7323333333333333,240
151,0.06364492624496501,0.13534409191068766,2.4450342125692828,1.9689330543933055,23.99999999999999,26.73333333333335,11849,12,-20.520627288381988,0.0125,2,1,0.7326666666666667,240
152,0.06351211601287987,0.13502405008525692,2.4449720261343506,1.9683751743375175,23.999999999999975,26.775,12086,12,-20.957817462315425,0.0125,2,1,0.73225,240
153,0.06342201388997758,0.1342110308685371,2.4449660080922606,1.9688981868898188,23.99999999999998,26.71666666666666,12323,12,-21.39502667718134,0.0125,2,1,0.7328333333333333,240
154,0.06357669578974988,0.1349878011588899,2.4449339118677798,1.968165969316597,23.999999999999968,26.783333333333335,12560,12,-21.83225336629898,0.0125,2,1,0.7321666666666666,240
155,0.06346046456947478,0.13442267185804557,2.444980050190471,1.9686541143654115,23.999999999999975,26.725000000000005,12797,12,-22.26949612430426,0.0125,2,1,0.73275,240
156,0.06351956226923891,0.1347734000204144,2.4449940922886815,1.9687587168758718,24.000000000000007,26.75000000000001,13034,12,-22.70675368722449,0.0125,2,1,0.7325,240
157,0.0634943949613405,0.13480182946249983,2.44495196599405,1.9686541143654115,24.000000000000007,26.741666666666678,13271,12,-23.144024915420015,0.0125,2,1,0.7325833333333334,240
158,0.06350611577370169,0.13466953784992547,2.444885767531058,1.9681311018131102,23.999999999999982,26.741666666666674,13508,12,-23.581308778922473,0.0125,2,1,0.7325833333333334,240
159,0.06353913075836838,0.1348942906751098,2.4450402306113728,1.9689679218967922,24.000000000000004,26.708333333333336,13745,12,-24.018604344786237,0.0125,2,1,0.7329166666666667,240
160,0.06357201891101093,0.13499885107360787,2.4448015149417954,1.9690725244072524,23.99999999999998,26.700000000000003,13982,12,-24.45591076613771,0.0125,2,1,0.733,240
161,0.06356116418155969,0.13482673330443432,2.4450281945271923,1.9689679218967922,23.999999999999982,26.725000000000005,14219,12,-24.893227272663115,0.0125,2,1,0.73275,240
162,0.06343904875707654,0.13457150505423907,2.4448697194188176,1.9687587168758718,23.999999999999943,26.750000000000014,14456,12,-25.330553162319458,0.0125,2,1,0.7325,240
163,0.06367019933158038,0.13523511689104153,2.445004122358832,1.9683403068340306,24.000000000000014,26.76666666666667,14693,12,-25.767887794089457,0.0125,2,1,0.7323333333333333,240
164,0.06342825237297599,0.1344683675162406,2.4449198697695693,1.968444909344491,23.999999999999964,26.733333333333345,14930,12,-26.205230581630815,0.0125,2,1,0.7326666666666667,240
165,0.06357946698792348,0.1350252383623107,2.445134513270786,1.9690027894002788,23.99999999999999,26.74166666666667,15167,12,-26.64258098769408,0.0125,2,1,0.7325833333333334,240
166,0.06351715909558431,0.1351509746464518,2.4450883749480945,1.9686192468619246,23.999999999999993,26.758333333333333,15404,12,-27.079938519203218,0.0125,2,1,0.7324166666666667,240
167,0.06355526395675633,0.13487873919363477,2.444986068232561,1.9689330543933055,23.999999999999996,26.725000000000016,15641,12,-27.51730272290931,0.0125,2,1,0.73275,240
168,0.06348397715360575,0.13457636203529996,2.445010140400922,1.9686889818688982,24.00000000000002,26.74166666666668,15878,12,-27.954673181541416,0.0125,2,1,0.7325833333333334,240
169,0.0636022282792667,0.13526147765278201,2.444855677320607,1.967573221757322,24.00000000000001,26.799999999999997,16115,12,-28.39204951038981,0.0125,2,1,0.732,240
170,0.0635159059041024,0.13456857772737119,2.4450001103307715,1.9684100418410042,23.99999999999998,26.741666666666678,16352,12,-28.82943135426646,0.0125,2,1,0.7325833333333334,240
171,0.06354017079616718,0.1346168567710327,2.4451585854391467,1.9688981868898188,23.99999999999999,26.733333333333345,16589,12,-29.266818384795094,0.0125,2,1,0.7326666666666667,240
172,0.06370007830853563,0.13569085221637292,2.44494795396599,1.968444909344491,23.99999999999999,26.749999999999986,16826,12,-29.7042102979905,0.0125,2,1,0.7325,240
173,0.06336732594704206,0.1342745799527247,2.445072326835854,1.9692119944211994,24.0,26.708333333333332,17063,12,-30.14160681209174,0.0125,2,1,0.7329166666666667,240
174,0.06364289363101332,0.1353643693899285,2.4449720261343506,1.967747559274756,24.0,26.8,17300,12,-30.57900766561895,0.0125,2,1,0.732,240
175,0.0634317972440559,0.13433865814696486,2.445080350891974,1.969142259414226,23.999999999999964,26.71666666666666,17537,12,-31.01641261562764,0.0125,2,1,0.7328333333333333,240
176,0.06342228830343027,0.13429978816262986,2.444980050190471,1.9686889818688982,23.999999999999993,26.72500000000002,17774,12,-31.45382143613755,0.0125,2,1,0.73275,240
177,0.06343169527392428,0.13464627151051625,2.4449379238958397,1.9688981868898188,24.000000000000014,26.75,18011,12,-31.89123391671617,0.0125,2,1,0.7325,240
178,0.0635571300926434,0.1348960128691256,2.4450422366254028,1.9689679218967922,23.99999999999999,26.724999999999998,18248,12,-32.32864986119972,0.0125,2,1,0.73275,240
179,0.06365374369260664,0.1351078640491487,2.4450281945271923,1.9690725244072524,24.0,26.700000000000003,18485,12,-32.766069086536355,0.0125,2,1,0.733,240
180,0.06360797595857356,0.13528955170702534,2.445008134386892,1.9685146443514645,23.999999999999986,26.750000000000014,18722,12,-33.203491421738256,0.0125,2,1,0.7325,240
181,0.06343052595285857,0.13450441709646122,2.4450302005412228,1.969142259414226,23.999999999999986,26.71666666666667,18959,12,-33.640916706931044,0.0125,2,1,0.7328333333333333,240
182,0.06345021961502202,0.13439705431113838,2.4449880742465915,1.9693165969316597,23.99999999999997,26.716666666666654,19196,12,-34.07834479249024,0.0125,2,1,0.7328333333333333,240
183,0.06357234503090077,0.13458744360327293,2.445048254667493,1.9687587168758718,24.000000000000014,26.741666666666678,19433,12,-34.51577553825557,0.0125,2,1,0.7325833333333334,240
184,0.06355369407560935,0.13502201237797487,2.445072326835854,1.9688981868898188,24.0,26.716666666666672,19670,12,-34.95320881281528,0.0125,2,1,0.7328333333333333,240
185,0.06357593318561446,0.13510304144641078,2.445074332849884,1.9692468619246861,23.999999999999975,26.708333333333332,19907,12,-35.39064449285331,0.0125,2,1,0.7329166666666667,240
186,0.06367161427086616,0.13511624952356752,2.4449700201203206,1.9683403068340306,23.99999999999997,26.766666666666662,20144,12,-35.82808246255307,0.0125,2,1,0.7323333333333333,240
187,0.06366717774292277,0.1353357610328758,2.444978044176441,1.968444909344491,24.00000000000003,26.75,20381,12,-36.265522613052156,0.0125,2,1,0.7325,240
188,0.06349909275813284,0.13465780849517348,2.4451425373269062,1.9684100418410042,23.999999999999975,26.758333333333344,20618,12,-36.702964841943164,0.0125,2,1,0.7324166666666667,240
189,0.06354009966152689,0.1346971612458338,2.444851665292547,1.9689330543933055,24.000000000000036,26.70833333333334,20855,12,-37.1404090528161,0.0125,2,1,0.7329166666666667,240
190,0.06352202982221822,0.13460753812413934,2.4449619960642006,1.9686889818688982,23.999999999999993,26.725,21092,12,-37.57785515483851,0.0125,2,1,0.73275,240
191,0.06354719464964709,0.13480867346938777,2.4448737314468776,1.9684797768479776,23.999999999999993,26.74166666666667,21329,12,-38.015303062369675,0.0125,2,1,0.7325833333333334,240
192,0.06352927352310449,0.13492114006390266,2.4448336111662763,1.9684100418410042,23.99999999999999,26.749999999999996,21566,12,-38.452752694605906,0.0125,2,1,0.7325,240
193,0.06348628379132334,0.13418750079600597,2.444978044176441,1.9683751743375175,23.999999999999986,26.733333333333324,21803,12,-38.890203975253826,0.0125,2,1,0.7326666666666667,240
194,0.0635239240352643,0.1343169384970479,2.4448015149417954,1.9679916317991633,23.99999999999999,26.716666666666683,22040,12,-39.327656832229515,0.0125,2,1,0.7328333333333333,240
195,0.063492312243015,0.13444336536495605,2.445006128372862,1.9689679218967922,23.999999999999975,26.700000000000017,22277,12,-39.76511119738067,0.0125,2,1,0.733,240
196,0.06348158565871277,0.1346424099956563,2.444789478857615,1.9688981868898188,23.99999999999997,26.691666666666656,22514,12,-40.20256700623043,0.0125,2,1,0.7330833333333333,240
197,0.06349430315002293,0.13445367412140574,2.4450422366254028,1.9688284518828452,24.000000000000025,26.708333333333332,22751,12,-40.6400241977402,0.0125,2,1,0.7329166666666667,240
198,0.06352896931186254,0.13499521836149186,2.4449981043167415,1.9685146443514645,23.999999999999986,26.733333333333334,22988,12,-41.07748271409055,0.0125,2,1,0.7326666666666667,240
199,0.06343912069316704,0.1345080651326351,2.4449981043167415,1.9685495118549512,23.999999999999982,26.741666666666678,23225,12,-41.514942500478185,0.0125,2,1,0.7325833333333334,240
200,0.06348005245896497,0.1347388069242374,2.445132507256756,1.9692468619246861,23.999999999999996,26.724999999999994,23462,12,-41.95240350492782,0.0125,2,1,0.73275,240
201,0.08916538738730433,0.08916538738730433,1.9654914914914914,1.9654914914914914,57.94800000000003,57.94800000000003,24074,24074,0.5272049572317444,0.5272049572317444,1,1,0.0,1000
202,0.08922452243993971,0.08922452243993971,1.9664744744744744,1.9664744744744744,57.92400000000004,57.92400000000004,24974,24974,0.16772791778016005,0.16772791778016005,1,1,0.0,1000
203,0.10404076122413192,0.10404076122413192,1.9348548548548548,1.9348548548548548,70.3939999999999,70.3939999999999,2990,2990,0.570201725198516,0.570201725198516,1,1,0.0,1000
204,0.10840791028184257,0.10840791028184257,1.9331431431431432,1.9331431431431432,73.40599999999993,73.40599999999993,3502,3502,0.4340175580317897,0.4340175580317897,1,1,0.0,1000
205,0.12349637365879791,0.12349637365879791,1.9218858858858858,1.9218858858858858,83.08000000000003,83.08000000000003,3749,3749,0.5820103495050627,0.5820103495050627,1,1,0.0,1000
206,0.1260217200299035,0.1260217200299035,1.919175175175175,1.919175175175175,86.20799999999998,86.20799999999998,3997,3997,0.5022848872961746,0.5022848872961746,1,1,0.0,1000
207,0.1344369216836243,0.1344369216836243,1.9129109109109108,1.9129109109109108,91.41599999999997,91.41599999999997,3998,3998,0.49816839363110266,0.49816839363110266,1,1,0.0,1000
208,0.1375318260171296,0.1375318260171296,1.910992992992993,1.910992992992993,93.54399999999998,93.54399999999998,3998,3998,0.5009956155815293,0.5009956155815293,1,1,0.0,1000
209,0.14220297230719256,0.14220297230719256,1.9086926926926926,1.9086926926926926,95.38799999999996,95.38799999999996,3998,3998,0.5013786741036738,0.5013786741036738,1,1,0.0,1000
210,0.14262799401508985,0.14262799401508985,1.9072212212212212,1.9072212212212212,96.728,96.728,3998,3998,0.5008053340744784,0.5008053340744784,1,1,0.0,1000
211,0.14637954925507624,0.14637954925507624,1.9057237237237237,1.9057237237237237,97.63799999999993,97.63799999999993,3998,3998,0.5004306253344181,0.5004306253344181,1,1,0.0,1000
212,0.15089332384045098,0.15089332384045098,1.9047707707707708,1.9047707707707708,98.36200000000012,98.36200000000012,3998,3998,0.49521052911141117,0.49521052911141117,1,1,0.0,1000
213,0.15382693623183763,0.15382693623183763,1.9042442442442442,1.9042442442442442,98.91999999999986,98.91999999999986,3998,3998,0.4980469861021334,0.4980469861021334,1,1,0.0,1000
214,0.15419867325647296,0.15419867325647296,1.9037337337337337,1.9037337337337337,99.34600000000009,99.34600000000009,3998,3998,0.4992401695154406,0.4992401695154406,1,1,0.0,1000
215,0.15434172122139722,0.15434172122139722,1.9032692692692692,1.9032692692692692,99.65000000000002,99.65000000000002,3998,3998,0.49378094515188803,0.49378094515188803,1,1,0.0,1000
216,0.1523390254449181,0.1523390254449181,1.903017017017017,1.903017017017017,99.81399999999995,99.81399999999995,3998,3998,0.498199830008251,0.498199830008251,1,1,0.0,1000
217,0.14760182278326692,0.14760182278326692,1.902846846846847,1.902846846846847,99.87599999999996,99.87599999999996,3996,3996,0.49148001510975386,0.49148001510975386,1,1,0.0,1000
218,0.14083511209325247,0.14083511209325247,1.9026606606606606,1.9026606606606606,99.95199999999997,99.95199999999997,3970,3970,0.47866384088773994,0.47866384088773994,1,1,0.0,1000
219,0.13388375375596162,0.13388375375596162,1.9026826826826826,1.9026826826826826,99.97000000000007,99.97000000000007,3929,3929,0.47901012948175786,0.47901012948175786,1,1,0.0,1000
220,0.12470816157942707,0.12470816157942707,1.9027827827827828,1.9027827827827828,99.98599999999979,99.98599999999979,3882,3882,0.47269324361471726,0.47269324361471726,1,1,0.0,1000
221,0.11671354844663108,0.11671354844663108,1.9026966966966967,1.9026966966966967,99.99800000000008,99.99800000000008,3825,3825,0.47278219148708023,0.47278219148708023,1,1,0.0,1000
222,0.11161461689663771,0.11161461689663771,1.9026346346346346,1.9026346346346346,99.99999999999994,99.99999999999994,3792,3792,0.4827435625867543,0.4827435625867543,1,1,0.0,1000
223,0.10872223697272151,0.10872223697272151,1.9025925925925926,1.9025925925925926,99.99999999999986,99.99999999999986,3817,3817,0.5061359344401809,0.5061359344401809,1,1,0.0,1000
224,0.10754002654681094,0.10754002654681094,1.9027127127127128,1.9027127127127128,99.99999999999997,99.99999999999997,3852,3852,0.49757412801293965,0.49757412801293965,1,1,0.0,1000
225,0.10666038953850669,0.10666038953850669,1.9026166166166165,1.9026166166166165,99.99999999999996,99.99999999999996,3881,3881,0.5030891697593622,0.5030891697593622,1,1,0.0,1000
226,0.10606265020568603,0.10606265020568603,1.9026886886886887,1.9026886886886887,99.99999999999993,99.99999999999993,3907,3907,0.4979580106522307,0.4979580106522307,1,1,0.0,1000
227,0.10548094425264366,0.10548094425264366,1.9027047047047048,1.9027047047047048,100.00000000000011,100.00000000000011,3930,3930,0.5033829559652047,0.5033829559652047,1,1,0.0,1000
228,0.10585668539083444,0.10585668539083444,1.9028048048048047,1.9028048048048047,100.00000000000006,100.00000000000006,3957,3957,0.5013204138809245,0.5013204138809245,1,1,0.0,1000
229,0.10632823591978748,0.10632823591978748,1.9026146146146146,1.9026146146146146,100.00000000000009,100.00000000000009,3968,3968,0.4952661925119272,0.4952661925119272,1,1,0.0,1000
230,0.10665329673977725,0.10665329673977725,1.9026446446446446,1.9026446446446446,100.00000000000011,100.00000000000011,3978,3978,0.5002166826752089,0.5002166826752089,1,1,0.0,1000
231,0.1076682292893746,0.1076682292893746,1.9026526526526526,1.9026526526526526,99.99999999999991,99.99999999999991,3984,3984,0.4993808796872703,0.4993808796872703,1,1,0.0,1000
232,0.10737791335064524,0.10737791335064524,1.9027427427427428,1.9027427427427428,99.99999999999997,99.99999999999997,3988,3988,0.497638704552055,0.497638704552055,1,1,0.0,1000
233,0.1072308847181449,0.1072308847181449,1.9028108108108108,1.9028108108108108,99.99999999999993,99.99999999999993,3986,3986,0.498296438964895,0.498296438964895,1,1,0.0,1000
234,0.10700239386591248,0.10700239386591248,1.9028608608608608,1.9028608608608608,100.00000000000006,100.00000000000006,3978,3978,0.4974466620145681,0.4974466620145681,1,1,0.0,1000
235,0.10688315303157953,0.10688315303157953,1.902916916916917,1.902916916916917,99.99999999999997,99.99999999999997,3978,3978,0.4999117702687748,0.4999117702687748,1,1,0.0,1000
236,0.10668368816157925,0.10668368816157925,1.9027167167167167,1.9027167167167167,99.99999999999991,99.99999999999991,3981,3981,0.5006775023799507,0.5006775023799507,1,1,0.0,1000
237,0.10631263624579451,0.10631263624579451,1.9027407407407408,1.9027407407407408,99.99999999999999,99.99999999999999,3981,3981,0.4947999584029544,0.4947999584029544,1,1,0.0,1000
238,0.1056497574988031,0.1056497574988031,1.9028388388388389,1.9028388388388389,99.99999999999997,99.99999999999997,3983,3983,0.500463251780899,0.500463251780899,1,1,0.0,1000
239,0.1051334132119978,0.1051334132119978,1.9028228228228228,1.9028228228228228,100.00000000000007,100.00000000000007,3978,3978,0.49472697276553473,0.49472697276553473,1,1,0.0,1000
240,0.10503477746823203,0.10503477746823203,1.9028048048048047,1.9028048048048047,100.0000000000001,100.0000000000001,3977,3977,0.49781191253191237,0.49781191253191237,1,1,0.0,1000
241,0.10507705266793285,0.10507705266793285,1.9027567567567567,1.9027567567567567,100.00000000000016,100.00000000000016,3983,3983,0.5010724332413298,0.5010724332413298,1,1,0.0,1000
242,0.10439686638236864,0.10439686638236864,1.9027787787787789,1.9027787787787789,99.99999999999994,99.99999999999994,3981,3981,0.49318307951459833,0.49318307951459833,1,1,0.0,1000
243,0.1042989011943957,0.1042989011943957,1.9027547547547548,1.9027547547547548,99.99999999999997,99.99999999999997,3979,3979,0.4993468690394001,0.4993468690394001,1,1,0.0,1000
244,0.1044161544920798,0.1044161544920798,1.9028488488488489,1.9028488488488489,99.99999999999983,99.99999999999983,3974,3974,0.49843268940756075,0.49843268940756075,1,1,0.0,1000
245,0.1043164327476356,0.1043164327476356,1.9025985985985987,1.9025985985985987,99.99999999999983,99.99999999999983,3974,3974,0.4991634931953074,0.4991634931953074,1,1,0.0,1000
246,0.1041616105365675,0.1041616105365675,1.9027327327327328,1.9027327327327328,100.00000000000006,100.00000000000006,3978,3978,0.5013169434859874,0.5013169434859874,1,1,0.0,1000
247,0.10413725791721719,0.10413725791721719,1.9027927927927928,1.9027927927927928,99.99999999999997,99.99999999999997,3979,3979,0.4980214244053759,0.4980214244053759,1,1,0.0,1000
248,0.10401833076995512,0.10401833076995512,1.9027627627627628,1.9027627627627628,100.00000000000007,100.00000000000007,3983,3983,0.49662925679467756,0.49662925679467756,1,1,0.0,1000
249,0.103938744564332,0.103938744564332,1.9026446446446446,1.9026446446446446,99.99999999999994,99.99999999999994,3979,3979,0.4948220375986241,0.4948220375986241,1,1,0.0,1000
250,0.10340289134777746,0.10340289134777746,1.9026866866866867,1.9026866866866867,100.00000000000004,100.00000000000004,3977,3977,0.49907992014865077,0.49907992014865077,1,1,0.0,1000
251,0.10372934980693173,0.10372934980693173,1.9026746746746748,1.9026746746746748,99.99999999999997,99.99999999999997,3981,3981,0.49936091857134085,0.49936091857134085,1,1,0.0,1000
252,0.10417764457393577,0.10417764457393577,1.9027827827827828,1.9027827827827828,99.99999999999993,99.99999999999993,3984,3984,0.4998613436040482,0.4998613436040482,1,1,0.0,1000
253,0.10368657225257766,0.10368657225257766,1.902806806806807,1.902806806806807,99.99999999999994,99.99999999999994,3984,3984,0.49694181616543126,0.49694181616543126,1,1,0.0,1000
254,0.10381249909513969,0.10381249909513969,1.9028388388388389,1.9028388388388389,100.00000000000013,100.00000000000013,3978,3978,0.49637374170377213,0.49637374170377213,1,1,0.0,1000
255,0.10337028964245294,0.10337028964245294,1.902806806806807,1.902806806806807,100.00000000000011,100.00000000000011,3972,3972,0.49505806347505293,0.49505806347505293,1,1,0.0,1000
256,0.10327894202856644,0.10327894202856644,1.9027007007007006,1.9027007007007006,99.99999999999999,99.99999999999999,3972,3972,0.497102091402749,0.497102091402749,1,1,0.0,1000
257,0.1035018158213302,0.1035018158213302,1.9025585585585585,1.9025585585585585,100.00000000000007,100.00000000000007,3971,3971,0.500745333626642,0.500745333626642,1,1,0.0,1000
258,0.10370006500876887,0.10370006500876887,1.9026706706706706,1.9026706706706706,99.99999999999999,99.99999999999999,3968,3968,0.4949202111735272,0.4949202111735272,1,1,0.0,1000
259,0.10356302054518818,0.10356302054518818,1.9026946946946948,1.9026946946946948,100.00000000000003,100.00000000000003,3975,3975,0.5015301318907011,0.5015301318907011,1,1,0.0,1000
260,0.10351689515164186,0.10351689515164186,1.9027907907907908,1.9027907907907908,99.99999999999987,99.99999999999987,3983,3983,0.4996540925364772,0.4996540925364772,1,1,0.0,1000
261,0.10334023972839787,0.10334023972839787,1.9028088088088089,1.9028088088088089,99.9999999999999,99.9999999999999,3984,3984,0.5001941435734814,0.5001941435734814,1,1,0.0,1000
262,0.10351840740653838,0.10351840740653838,1.9027287287287287,1.9027287287287287,100.00000000000007,100.00000000000007,3984,3984,0.4937052590560898,0.4937052590560898,1,1,0.0,1000
263,0.10311833396285988,0.10311833396285988,1.9026286286286287,1.9026286286286287,100.00000000000004,100.00000000000004,3986,3986,0.5012762262247562,0.5012762262247562,1,1,0.0,1000
264,0.10326401914881166,0.10326401914881166,1.9026946946946948,1.9026946946946948,100.00000000000017,100.00000000000017,3987,3987,0.4949874415702971,0.4949874415702971,1,1,0.0,1000
265,0.10340796988075149,0.10340796988075149,1.9025685685685685,1.9025685685685685,99.9999999999999,99.9999999999999,3983,3983,0.49837737412913924,0.49837737412913924,1,1,0.0,1000
266,0.10368083216592384,0.10368083216592384,1.9026766766766767,1.9026766766766767,100.00000000000003,100.00000000000003,3982,3982,0.49882419613410317,0.49882419613410317,1,1,0.0,1000
267,0.10310967990002884,0.10310967990002884,1.9025325325325326,1.9025325325325326,99.99999999999994,99.99999999999994,3982,3982,0.4975403514828825,0.4975403514828825,1,1,0.0,1000
268,0.10332783934940963,0.10332783934940963,1.9026326326326326,1.9026326326326326,100.00000000000013,100.00000000000013,3980,3980,0.5002066607176869,0.5002066607176869,1,1,0.0,1000
269,0.10368638447552891,0.10368638447552891,1.9025985985985987,1.9025985985985987,100.0,100.0,3985,3985,0.4999796300921301,0.4999796300921301,1,1,0.0,1000
270,0.10316948287693327,0.10316948287693327,1.9026366366366367,1.9026366366366367,100.00000000000004,100.00000000000004,3984,3984,0.49491420474949865,0.49491420474949865,1,1,0.0,1000
271,0.10353081085963314,0.10353081085963314,1.9025725725725726,1.9025725725725726,99.99999999999996,99.99999999999996,3984,3984,0.501223812706901,0.501223812706901,1,1,0.0,1000
272,0.1036705358626544,0.1036705358626544,1.9026726726726726,1.9026726726726726,100.00000000000001,100.00000000000001,3991,3991,0.49770847821544745,0.49770847821544745,1,1,0.0,1000
273,0.10374201954233533,0.10374201954233533,1.9026886886886887,1.9026886886886887,100.00000000000003,100.00000000000003,3984,3984,0.4935195102037546,0.4935195102037546,1,1,0.0,1000
274,0.1032244818433033,0.1032244818433033,1.9026806806806806,1.9026806806806806,99.99999999999996,99.99999999999996,3976,3976,0.5013081127234769,0.5013081127234769,1,1,0.0,1000
275,0.10280013209299162,0.10280013209299162,1.9027207207207206,1.9027207207207206,100.00000000000006,100.00000000000006,3981,3981,0.49834437179492874,0.49834437179492874,1,1,0.0,1000
276,0.103297122843956,0.103297122843956,1.9026726726726726,1.9026726726726726,100.0000000000001,100.0000000000001,3983,3983,0.49748582849865014,0.49748582849865014,1,1,0.0,1000
277,0.10352364310183822,0.10352364310183822,1.9026326326326326,1.9026326326326326,99.99999999999999,99.99999999999999,3976,3976,0.49430022010153596,0.49430022010153596,1,1,0.0,1000
278,0.10337266866330093,0.10337266866330093,1.9026446446446446,1.9026446446446446,100.00000000000004,100.00000000000004,3975,3975,0.49833805685628424,0.49833805685628424,1,1,0.0,1000
279,0.10272962660497013,0.10272962660497013,1.9026586586586587,1.9026586586586587,100.0,100.0,3975,3975,0.49921396322545725,0.49921396322545725,1,1,0.0,1000
280,0.10284301051612435,0.10284301051612435,1.9026726726726726,1.9026726726726726,99.99999999999991,99.99999999999991,3968,3968,0.4994114262549047,0.4994114262549047,1,1,0.0,1000
281,0.10294398704255903,0.10294398704255903,1.9027747747747747,1.9027747747747747,100.00000000000007,100.00000000000007,3968,3968,0.4966274130109656,0.4966274130109656,1,1,0.0,1000
282,0.10340142988924085,0.10340142988924085,1.9026986986986987,1.9026986986986987,99.99999999999994,99.99999999999994,3976,3976,0.5004439642830509,0.5004439642830509,1,1,0.0,1000
283,0.10317807039520979,0.10317807039520979,1.9026886886886887,1.9026886886886887,99.99999999999987,99.99999999999987,3977,3977,0.49543622627372635,0.49543622627372635,1,1,0.0,1000
284,0.10325946808004587,0.10325946808004587,1.9024484484484485,1.9024484484484485,99.99999999999993,99.99999999999993,3979,3979,0.49863532474222516,0.49863532474222516,1,1,0.0,1000
285,0.10285349313474322,0.10285349313474322,1.9024784784784785,1.9024784784784785,100.0,100.0,3982,3982,0.4980094314448877,0.4980094314448877,1,1,0.0,1000
286,0.102955244588991,0.102955244588991,1.9026826826826826,1.9026826826826826,100.00000000000009,100.00000000000009,3979,3979,0.49701804745634987,0.49701804745634987,1,1,0.0,1000
287,0.10330626827435306,0.10330626827435306,1.9025525525525526,1.9025525525525526,99.99999999999989,99.99999999999989,3981,3981,0.5016561144751933,0.5016561144751933,1,1,0.0,1000
288,0.10322411304447228,0.10322411304447228,1.9025505505505504,1.9025505505505504,100.0,100.0,3984,3984,0.49637593640879224,0.49637593640879224,1,1,0.0,1000
289,0.10270253084330626,0.10270253084330626,1.9025345345345346,1.9025345345345346,100.00000000000007,100.00000000000007,3985,3985,0.49646594113946996,0.49646594113946996,1,1,0.0,1000
290,0.1028676837280937,0.1028676837280937,1.9026886886886887,1.9026886886886887,99.9999999999999,99.9999999999999,3979,3979,0.49946289710816427,0.49946289710816427,1,1,0.0,1000
291,0.10293013527615977,0.10293013527615977,1.9026186186186187,1.9026186186186187,99.99999999999997,99.99999999999997,3976,3976,0.4981029843559843,0.4981029843559843,1,1,0.0,1000
292,0.1027257176972539,0.1027257176972539,1.9026586586586587,1.9026586586586587,100.00000000000004,100.00000000000004,3983,3983,0.4984359933667983,0.4984359933667983,1,1,0.0,1000
293,0.10334318806010263,0.10334318806010263,1.9027387387387387,1.9027387387387387,100.00000000000013,100.00000000000013,3980,3980,0.4982855448538462,0.4982855448538462,1,1,0.0,1000
294,0.10289527386804181,0.10289527386804181,1.9027027027027028,1.9027027027027028,99.99999999999999,99.99999999999999,3979,3979,0.497886782409758,0.497886782409758,1,1,0.0,1000
295,0.10301756676971263,0.10301756676971263,1.9027007007007006,1.9027007007007006,100.00000000000009,100.00000000000009,3985,3985,0.4946172938802964,0.4946172938802964,1,1,0.0,1000
296,0.10320397118543849,0.10320397118543849,1.9026506506506506,1.9026506506506506,99.99999999999997,99.99999999999997,3979,3979,0.4975101960983657,0.4975101960983657,1,1,0.0,1000
297,0.10276505340948869,0.10276505340948869,1.9026286286286287,1.9026286286286287,100.0,100.0,3975,3975,0.49560568983126757,0.49560568983126757,1,1,0.0,1000
298,0.10298255946950628,0.10298255946950628,1.9026306306306306,1.9026306306306306,100.00000000000007,100.00000000000007,3974,3974,0.5015890553804639,0.5015890553804639,1,1,0.0,1000
299,0.10312756921860501,0.10312756921860501,1.9026526526526526,1.9026526526526526,99.99999999999994,99.99999999999994,3976,3976,0.4962052890521933,0.4962052890521933,1,1,0.0,1000
300,0.10333821690401213,0.10333821690401213,1.9026366366366367,1.9026366366366367,100.00000000000009,100.00000000000009,3982,3982,0.49890383178912606,0.49890383178912606,1,1,0.0,1000
